City_ID,City,Country,Date,Lat,Lng,Max Temp,Humidity,Cloudiness,Wind Speed
0,Tocopilla,CL,2022-09-14 18:51:11,-22.092,-70.1979,66.43,63,21,5.73
1,Kamina,CD,2022-09-14 18:51:11,-8.7386,24.9906,72.95,32,54,2.21
2,Oktyabrskiy,RU,2022-09-14 18:50:43,54.4815,53.471,57.18,42,100,11.12
3,Mount Forest,CA,2022-09-14 18:51:12,43.9795,-80.7221,72.39,52,3,10.36
4,San Quintin,MX,2022-09-14 18:51:12,30.4833,-115.95,71.11,82,100,10.63
5,Ushuaia,AR,2022-09-14 18:42:29,-54.8,-68.3,46.06,36,20,10.36
6,Arraial Do Cabo,BR,2022-09-14 18:45:41,-22.9661,-42.0278,71.56,88,75,13.8
7,Souillac,MU,2022-09-14 18:46:23,-20.5167,57.5167,71.98,68,40,8.05
8,Karwar,IN,2022-09-14 18:51:13,14.8,74.1333,77.16,89,62,11.34
9,Douglas,US,2022-09-14 18:46:58,41.3,-96.167,89.53,47,0,12.66
10,Hervey Bay,AU,2022-09-14 18:48:29,-25.2986,152.8535,58.01,89,16,11.99
11,Talnakh,RU,2022-09-14 18:50:09,69.4865,88.3972,36.21,99,100,8.79
12,Havoysund,NO,2022-09-14 18:49:38,70.9963,24.6622,44.83,68,100,18.5
13,Ati,TD,2022-09-14 18:51:13,13.2154,18.3353,85.42,62,100,6.22
14,Naze,JP,2022-09-14 18:51:14,28.3667,129.4833,81.52,84,31,18.48
15,Uusikaupunki,FI,2022-09-14 18:51:15,60.8004,21.4084,54.97,85,100,10.33
16,Port Alfred,ZA,2022-09-14 18:45:33,-33.5906,26.891,62.19,92,0,1.01
17,Cape Town,ZA,2022-09-14 18:40:03,-33.9258,18.4232,62.28,86,75,17.27
18,Kapaa,US,2022-09-14 18:42:25,22.0752,-159.319,80.92,82,75,11.5
19,Kargasok,RU,2022-09-14 18:51:15,59.0556,80.8572,42.4,88,100,6.67
20,Sistranda,NO,2022-09-14 18:50:46,63.7256,8.834,51.76,77,100,21.85
21,Butaritari,KI,2022-09-14 18:45:32,3.0707,172.7902,81.1,70,100,16.02
22,Katherine,AU,2022-09-14 18:51:16,-14.4667,132.2667,68.32,60,0,4.61
23,Fayaoue,NC,2022-09-14 18:51:16,-20.65,166.5333,73.22,77,14,13.71
24,Puerto Ayora,EC,2022-09-14 18:45:31,-0.7393,-90.3518,76.96,94,100,5.01
25,Morgan City,US,2022-09-14 18:51:17,29.6994,-91.2068,87.01,45,0,8.48
26,Torbay,CA,2022-09-14 18:48:21,47.6666,-52.7314,64.89,82,75,8.05
27,Rikitea,PF,2022-09-14 18:44:11,-23.1203,-134.9692,71.06,73,5,9.86
28,Bluff,NZ,2022-09-14 18:44:26,-46.6,168.3333,46.8,77,82,28.74
29,Ostrovnoy,RU,2022-09-14 18:51:17,68.0531,39.5131,49.77,90,100,3.53
30,Codrington,AU,2022-09-14 18:51:18,-38.2667,141.9667,48.6,96,28,8.03
31,Grindavik,IS,2022-09-14 18:51:18,63.8424,-22.4338,49.95,76,0,11.5
32,Qaanaaq,GL,2022-09-14 18:44:23,77.484,-69.3632,34.23,73,79,4.94
33,Ahipara,NZ,2022-09-14 18:51:19,-35.1667,173.1667,48.02,74,8,3.42
34,Tasiilaq,GL,2022-09-14 18:50:50,65.6145,-37.6368,37.17,68,0,4.56
35,Coahuayana,MX,2022-09-14 18:45:29,18.7333,-103.6833,85.69,71,95,5.64
36,Busselton,AU,2022-09-14 18:45:28,-33.65,115.3333,56.35,69,100,14.09
37,Shakawe,BW,2022-09-14 18:51:19,-18.3667,21.85,72.48,23,12,7.99
38,Norden,DE,2022-09-14 18:51:20,53.6,7.2,64.94,57,61,4.0
39,East London,ZA,2022-09-14 18:45:43,-33.0153,27.9116,65.34,94,0,4.61
40,Wanxian,CN,2022-09-14 18:51:20,30.8039,108.3897,74.34,71,100,3.94
41,Harrisonburg,US,2022-09-14 18:51:21,38.4496,-78.8689,77.23,48,0,5.59
42,Cayenne,GF,2022-09-14 18:51:21,4.9333,-52.3333,89.64,62,0,11.5
43,Esperance,AU,2022-09-14 18:50:17,-33.8667,121.9,55.65,75,44,29.26
44,Quatre Cocos,MU,2022-09-14 18:51:22,-20.2078,57.7625,71.71,79,13,11.56
45,Beruwala,LK,2022-09-14 18:51:22,6.4788,79.9828,78.12,85,49,6.38
46,Saskylakh,RU,2022-09-14 18:49:30,71.9167,114.0833,29.66,85,55,6.15
47,Tikrit,IQ,2022-09-14 18:51:23,34.6071,43.6782,87.6,26,0,11.41
48,Severo-Kurilsk,RU,2022-09-14 18:51:23,50.6789,156.125,49.19,87,10,13.06
49,Tacuarembo,UY,2022-09-14 18:46:27,-31.7333,-55.9833,64.27,55,1,8.5
50,Punta Arenas,CL,2022-09-14 18:40:22,-53.15,-70.9167,50.11,34,0,18.41
51,Agua Verde,MX,2022-09-14 18:51:24,22.9,-106.05,84.45,70,20,6.22
52,Riohacha,CO,2022-09-14 18:51:25,11.5444,-72.9072,93.31,52,75,16.11
53,Tomatlan,MX,2022-09-14 18:51:25,19.9333,-105.25,88.05,64,38,6.55
54,Bethel,US,2022-09-14 18:48:18,41.3712,-73.414,80.02,59,75,6.91
55,Castro,BR,2022-09-14 18:42:29,-24.7911,-50.0119,57.78,96,100,5.17
56,Ribeira Grande,PT,2022-09-14 18:49:26,38.5167,-28.7,75.6,94,75,9.22
57,Trinidad,BO,2022-09-14 18:51:26,-14.8333,-64.9,73.38,88,100,18.41
58,Alice Springs,AU,2022-09-14 18:51:14,-23.7,133.8833,65.75,55,100,0.0
59,Hualmay,PE,2022-09-14 18:51:27,-11.0964,-77.6139,65.19,71,32,11.34
60,Jamestown,US,2022-09-14 18:39:40,42.097,-79.2353,75.02,55,75,17.27
61,Misratah,LY,2022-09-14 18:48:01,32.3754,15.0925,80.85,59,0,16.31
62,Georgetown,MY,2022-09-14 18:49:47,5.4112,100.3354,81.9,89,20,3.44
63,Oum Hadjer,TD,2022-09-14 18:51:27,13.2954,19.6966,87.53,53,29,5.93
64,Tateyama,JP,2022-09-14 18:51:28,34.9833,139.8667,72.1,80,99,13.47
65,Mehamn,NO,2022-09-14 18:48:07,71.0357,27.8492,42.71,75,75,0.0
66,Winona,US,2022-09-14 18:48:26,43.9666,-91.7668,75.42,73,0,8.05
67,Albany,US,2022-09-14 18:40:49,42.6001,-73.9662,75.79,64,0,1.01
68,Pangnirtung,CA,2022-09-14 18:51:28,66.1451,-65.7125,42.8,93,100,3.44
69,New Norfolk,AU,2022-09-14 18:44:26,-42.7826,147.0587,39.7,63,39,3.04
70,Valea Ciorii,RO,2022-09-14 18:51:29,44.7167,27.5667,67.86,38,47,8.79
71,Kodiak,US,2022-09-14 18:44:16,57.79,-152.4072,51.31,87,100,4.61
72,Hermanus,ZA,2022-09-14 18:44:12,-34.4187,19.2345,58.8,87,100,3.4
73,Mar Del Plata,AR,2022-09-14 18:40:21,-38.0023,-57.5575,57.22,84,0,11.99
74,Yellowknife,CA,2022-09-14 18:44:14,62.456,-114.3525,59.56,55,40,8.05
75,Formiga,BR,2022-09-14 18:46:37,-20.4644,-45.4264,93.58,15,63,8.57
76,Dzhebariki-Khaya,RU,2022-09-14 18:51:30,62.2167,135.8,36.34,92,100,7.65
77,Datong,CN,2022-09-14 18:51:30,40.0936,113.2914,60.15,68,0,3.4
78,Hovd,MN,2022-09-14 18:51:30,48.0056,91.6419,50.86,48,16,1.03
79,Ossora,RU,2022-09-14 18:51:31,59.2353,163.0719,39.2,78,24,8.57
80,Bredasdorp,ZA,2022-09-14 18:44:18,-34.5322,20.0403,54.05,88,100,4.32
81,Yulara,AU,2022-09-14 18:51:31,-25.2406,130.9889,61.5,36,6,8.72
82,Bucak,TR,2022-09-14 18:51:32,37.4592,30.595,68.52,49,0,1.5
83,Maceio,BR,2022-09-14 18:51:32,-9.6658,-35.7353,81.84,74,40,13.8
84,Puerto Carreno,CO,2022-09-14 18:51:32,6.189,-67.4859,91.38,55,20,3.44
85,Sawakin,SD,2022-09-14 18:51:33,19.1059,37.3321,91.62,48,32,5.12
86,Mezhdurechenskiy,RU,2022-09-14 18:51:33,59.6,65.9333,51.84,62,100,3.78
87,Kaitangata,NZ,2022-09-14 18:45:42,-46.2817,169.8464,35.78,89,26,9.01
88,Dikson,RU,2022-09-14 18:44:12,73.5069,80.5464,37.99,74,20,5.23
89,Hilo,US,2022-09-14 18:42:13,19.7297,-155.09,84.27,82,100,5.75
90,Buraydah,SA,2022-09-14 18:51:06,26.326,43.975,97.25,11,0,7.58
91,Provideniya,RU,2022-09-14 18:50:47,64.3833,-173.3,45.54,90,100,9.28
92,Palmer,US,2022-09-14 18:51:34,42.1584,-72.3287,77.25,58,40,13.8
93,San Rafael,AR,2022-09-14 18:51:34,-34.6177,-68.3301,75.72,12,0,19.82
94,Bhikangaon,IN,2022-09-14 18:51:34,21.8667,75.95,76.3,91,100,9.06
95,Atuona,PF,2022-09-14 18:44:24,-9.8,-139.0333,76.87,72,18,15.93
96,Chuy,UY,2022-09-14 18:46:57,-33.6971,-53.4616,58.98,73,2,10.27
97,High Level,CA,2022-09-14 18:51:35,58.5169,-117.136,57.31,62,20,4.61
98,Ponta Do Sol,PT,2022-09-14 18:45:30,32.6667,-17.1,75.83,77,5,9.1
99,Hobart,AU,2022-09-14 18:45:06,-42.8794,147.3294,40.26,83,63,3.0
100,Tutoia,BR,2022-09-14 18:51:35,-2.7619,-42.2744,82.36,72,97,13.0
101,Hithadhoo,MV,2022-09-14 18:46:51,-0.6,73.0833,81.84,71,100,6.29
102,Lebanon,US,2022-09-14 18:51:36,36.2081,-86.2911,82.11,62,75,5.75
103,Puerto Madryn,AR,2022-09-14 18:47:27,-42.7692,-65.0385,73.76,29,84,11.1
104,Storforshei,NO,2022-09-14 18:51:36,66.4043,14.5233,50.67,93,75,2.3
105,Bengkulu,ID,2022-09-14 18:48:08,-3.8004,102.2655,74.39,88,85,4.16
106,Mataura,NZ,2022-09-14 18:44:24,-46.1927,168.8643,46.47,98,27,3.27
107,Half Moon Bay,US,2022-09-14 18:51:37,37.4636,-122.4286,74.79,69,100,8.05
108,Sao Filipe,CV,2022-09-14 18:48:19,14.8961,-24.4956,81.39,79,100,7.14
109,Severo-Yeniseyskiy,RU,2022-09-14 18:51:37,60.3725,93.0408,33.64,94,78,3.42
110,Jiayuguan,CN,2022-09-14 18:51:37,39.8167,98.3,70.29,37,100,2.71
111,Hammerfest,NO,2022-09-14 18:51:38,70.6634,23.6821,43.25,75,75,14.97
112,Luderitz,NA,2022-09-14 18:51:38,-26.6481,15.1594,61.09,68,32,3.6
113,Vaini,TO,2022-09-14 18:47:00,-21.2,-175.2,73.56,94,20,5.75
114,Chokurdakh,RU,2022-09-14 18:51:39,70.6333,147.9167,36.1,74,100,6.17
115,Cockburn Town,TC,2022-09-14 18:46:29,21.4612,-71.1419,87.76,58,40,10.36
116,Bokoro,TD,2022-09-14 18:51:39,12.3807,17.0568,82.58,65,70,3.58
117,Pisco,PE,2022-09-14 18:46:58,-13.7,-76.2167,65.01,72,20,12.66
118,Iqaluit,CA,2022-09-14 18:46:56,63.7506,-68.5145,44.33,70,75,5.75
119,Saint George,US,2022-09-14 18:41:55,37.1041,-113.5841,77.43,60,75,4.0
120,Caravelas,BR,2022-09-14 18:49:33,-17.7125,-39.2481,77.86,63,0,11.27
121,Warren,US,2022-09-14 18:51:40,39.4334,-84.1666,80.94,64,20,4.61
122,Kilakarai,IN,2022-09-14 18:51:40,9.2333,78.7833,80.6,80,58,20.62
123,Sindor,RU,2022-09-14 18:51:40,62.8629,51.8905,44.08,80,73,5.41
124,Tilichiki,RU,2022-09-14 18:51:41,60.4667,166.1,41.47,82,100,10.8
125,Port Lincoln,AU,2022-09-14 18:49:26,-34.7333,135.8667,49.95,82,2,14.27
126,Mackenzie,CA,2022-09-14 18:51:41,55.2999,-123.1698,50.22,76,0,2.3
127,Upernavik,GL,2022-09-14 18:51:42,72.7868,-56.1549,39.96,98,100,15.46
128,Bagnan,IN,2022-09-14 18:51:42,22.9242,88.14,80.49,92,100,7.58
129,Zinder,NE,2022-09-14 18:51:42,13.8072,8.9881,91.36,55,0,0.0
130,Bodden Town,KY,2022-09-14 18:51:43,19.2833,-81.25,82.99,77,40,5.99
131,Jawhar,SO,2022-09-14 18:51:43,2.7809,45.5005,76.39,79,81,18.21
132,Chapais,CA,2022-09-14 18:51:43,49.7834,-74.8492,53.38,60,100,14.14
133,Caiaponia,BR,2022-09-14 18:51:44,-16.9567,-51.8103,97.57,13,83,8.1
134,Ramshir,IR,2022-09-14 18:51:44,30.8946,49.4092,91.15,26,0,7.25
135,Werda,BW,2022-09-14 18:51:45,-25.2667,23.2833,68.18,35,0,11.52
136,Kruisfontein,ZA,2022-09-14 18:49:35,-34.0033,24.7314,63.48,43,0,4.34
137,Champerico,GT,2022-09-14 18:46:22,14.3,-91.9167,88.34,74,37,14.63
138,Thompson,CA,2022-09-14 18:48:09,55.7435,-97.8558,62.76,48,75,11.5
139,Saint-Philippe,RE,2022-09-14 18:44:19,-21.3585,55.7679,71.19,74,59,7.27
140,Banda Aceh,ID,2022-09-14 18:51:45,5.5577,95.3222,78.66,84,99,4.29
141,Tiksi,RU,2022-09-14 18:44:27,71.6872,128.8694,33.35,92,100,16.04
142,Kavaratti,IN,2022-09-14 18:51:46,10.5669,72.642,80.78,79,60,10.36
143,Carnarvon,AU,2022-09-14 18:45:00,-24.8667,113.6333,61.61,63,93,23.64
144,Victoria,HK,2022-09-14 18:46:05,22.2855,114.1577,89.19,63,6,3.0
145,Erzincan,TR,2022-09-14 18:51:46,39.75,39.5,60.93,57,0,6.13
146,Santa Rita Do Sapucai,BR,2022-09-14 18:51:47,-22.2522,-45.7033,72.09,49,78,9.24
147,Aqtobe,KZ,2022-09-14 18:51:47,50.2797,57.2072,57.29,38,0,11.18
148,Avarua,CK,2022-09-14 18:48:18,-21.2078,-159.775,77.05,73,20,18.41
149,Luza,RU,2022-09-14 18:51:47,60.6308,47.2512,49.39,96,100,9.24
150,Geraldton,AU,2022-09-14 18:46:52,-28.7667,114.6,54.01,94,40,2.3
151,Wadi Musa,JO,2022-09-14 18:51:48,30.3222,35.4793,65.1,69,0,4.63
152,Zlobin,HR,2022-09-14 18:51:48,45.2924,14.6541,65.79,87,20,6.91
153,Tadine,NC,2022-09-14 18:51:48,-21.55,167.8833,69.13,80,0,13.13
154,Udachnyy,RU,2022-09-14 18:51:49,66.4167,112.4,32.45,92,51,12.68
155,Cabo San Lucas,MX,2022-09-14 18:41:39,22.8909,-109.9124,92.61,62,0,10.36
156,Iberia,US,2022-09-14 18:51:49,29.9502,-91.7507,87.96,45,0,8.05
157,Tuktoyaktuk,CA,2022-09-14 18:47:00,69.4541,-133.0374,33.8,93,100,17.27
158,Gat,IL,2022-09-14 18:51:49,31.61,34.7642,77.81,100,0,4.16
159,Coffs Harbour,AU,2022-09-14 18:51:50,-30.3,153.1333,58.96,77,100,9.22
160,Morro Bay,US,2022-09-14 18:51:47,35.3658,-120.8499,76.98,66,0,8.01
161,Igrim,RU,2022-09-14 18:51:50,63.1906,64.4162,45.45,93,23,5.39
162,Hirara,JP,2022-09-14 18:51:51,24.8,125.2833,81.34,78,100,5.1
163,Iskateley,RU,2022-09-14 18:50:53,67.6803,53.1512,49.66,81,100,14.79
164,Husavik,IS,2022-09-14 18:51:51,66.0449,-17.3389,42.12,71,90,3.36
165,Limbe,CM,2022-09-14 18:51:51,4.0242,9.2149,76.71,90,100,6.31
166,Lebu,CL,2022-09-14 18:44:14,-37.6167,-73.65,55.72,68,100,7.58
167,Maniitsoq,GL,2022-09-14 18:51:52,65.4167,-52.9,42.44,91,100,17.47
168,Clyde River,CA,2022-09-14 18:49:38,70.4692,-68.5914,39.43,93,100,10.36
169,Coihaique,CL,2022-09-14 18:46:52,-45.5752,-72.0662,43.41,93,100,4.61
170,Zhangye,CN,2022-09-14 18:51:52,38.9342,100.4517,67.89,43,22,2.73
171,Emerald,AU,2022-09-14 18:51:53,-23.5333,148.1667,54.34,86,33,7.78
172,Kavieng,PG,2022-09-14 18:45:29,-2.5744,150.7967,81.48,75,4,16.78
173,Bluefields,NI,2022-09-14 18:51:53,12.0137,-83.7635,87.87,74,40,6.91
174,Luena,AO,2022-09-14 18:51:53,-11.7833,19.9167,71.1,27,29,4.5
175,Honningsvag,NO,2022-09-14 18:51:54,70.9821,25.9704,44.35,70,100,10.36
176,Diamantino,BR,2022-09-14 18:51:54,-14.4086,-56.4461,101.79,17,78,2.21
177,Cidreira,BR,2022-09-14 18:44:23,-30.1811,-50.2056,64.02,70,11,14.27
178,Bor,RU,2022-09-14 18:51:55,56.3567,44.0669,53.53,95,100,6.33
179,Ducheng,CN,2022-09-14 18:51:55,23.2373,111.5317,76.87,78,0,1.34
180,Shizukuishi,JP,2022-09-14 18:51:55,39.6833,140.9833,57.97,91,76,1.59
181,Ilula,TZ,2022-09-14 18:51:56,-7.6766,36.0366,57.85,81,30,5.35
182,La Romana,DO,2022-09-14 18:51:56,18.4273,-68.9728,87.03,64,86,12.39
183,Fairbanks,US,2022-09-14 18:50:52,64.8378,-147.7164,50.59,93,100,9.22
184,Lhokseumawe,ID,2022-09-14 18:51:57,5.1801,97.1507,76.24,86,98,2.64
185,Saint-Joseph,RE,2022-09-14 18:45:47,-21.3667,55.6167,70.18,72,60,8.97
186,Corrente,BR,2022-09-14 18:51:57,-3.7367,-43.3394,98.49,24,88,2.68
187,Cherskiy,RU,2022-09-14 18:48:06,68.75,161.3,34.93,90,100,6.82
188,Nanortalik,GL,2022-09-14 18:50:47,60.1432,-45.2371,49.53,67,100,4.12
189,Dothan,US,2022-09-14 18:51:58,31.2232,-85.3905,86.2,46,0,10.36
190,Zheshart,RU,2022-09-14 18:51:58,62.0731,49.5733,46.85,75,100,6.69
191,Uglekamensk,RU,2022-09-14 18:51:58,43.2172,133.2303,53.64,88,100,1.45
192,Sarakhs,IR,2022-09-14 18:51:58,36.5449,61.1577,73.0,16,0,3.29
193,Gouyave,GD,2022-09-14 18:51:59,12.1646,-61.7296,86.77,70,20,18.41
194,Kaeo,NZ,2022-09-14 18:50:12,-35.1,173.7833,41.32,94,1,4.21
195,Ridgecrest,US,2022-09-14 18:50:32,35.6225,-117.6709,85.64,18,0,8.99
196,Salym,RU,2022-09-14 18:51:59,60.0625,71.4789,48.45,83,98,3.58
197,Wanaka,NZ,2022-09-14 18:50:09,-44.7,169.15,34.11,84,12,3.0
198,Dunedin,NZ,2022-09-14 18:47:43,-45.8742,170.5036,39.79,72,3,5.91
199,Barrow,US,2022-09-14 18:42:36,71.2906,-156.7887,33.82,93,100,23.02
200,Sillod,IN,2022-09-14 18:52:00,20.3,75.65,71.42,91,90,12.39
201,Umm Kaddadah,SD,2022-09-14 18:52:00,13.6017,26.6876,81.54,60,96,3.85
202,Port Macquarie,AU,2022-09-14 18:51:25,-31.4333,152.9167,53.89,90,100,6.69
203,General Roca,AR,2022-09-14 18:52:01,-39.0333,-67.5833,81.63,14,0,11.9
204,Kalianget,ID,2022-09-14 18:52:01,-7.05,113.9333,80.02,78,100,4.45
205,Nalut,LY,2022-09-14 18:45:38,30.3333,10.85,88.72,19,0,9.51
206,Haimen,CN,2022-09-14 18:52:01,23.1935,116.6142,78.69,65,5,8.84
207,Kisangani,CD,2022-09-14 18:52:02,0.5167,25.2,71.33,97,97,1.68
208,Balakhta,RU,2022-09-14 18:52:02,55.38,91.6,42.03,80,98,3.76
209,Gornopravdinsk,RU,2022-09-14 18:52:03,60.05,69.9,49.68,73,100,3.56
210,Xianshuigu,CN,2022-09-14 18:52:03,38.985,117.3828,69.8,88,0,6.71
211,San Cristobal,VE,2022-09-14 18:44:20,7.7669,-72.225,82.58,44,32,6.46
212,Flinders,AU,2022-09-14 18:52:04,-34.5833,150.8552,57.38,78,100,4.0
213,Sitka,US,2022-09-14 18:44:22,57.0531,-135.33,58.89,58,100,10.36
214,Buala,SB,2022-09-14 18:52:04,-8.145,159.5921,78.85,83,78,8.75
215,Mount Gambier,AU,2022-09-14 18:51:19,-37.8333,140.7667,43.43,97,9,5.14
216,Lata,PT,2022-09-14 18:44:13,40.1629,-8.3327,69.82,93,36,3.38
217,Fairview,US,2022-09-14 18:47:05,40.8126,-73.999,81.55,48,0,14.97
218,Yumen,CN,2022-09-14 18:52:05,40.2833,97.2,67.03,35,5,1.61
219,Mazamari,PE,2022-09-14 18:52:05,-11.3258,-74.5308,86.7,54,79,3.04
220,Tecoanapa,MX,2022-09-14 18:52:06,16.5167,-98.75,83.17,74,100,5.99
221,Tessalit,ML,2022-09-14 18:49:39,20.1986,1.0114,96.13,20,62,10.71
222,Le Port,RE,2022-09-14 18:52:07,-20.9373,55.2919,71.6,74,80,3.15
223,Port Shepstone,ZA,2022-09-14 18:52:07,-30.7414,30.455,67.62,86,6,17.31
224,Waipawa,NZ,2022-09-14 18:52:08,-41.4122,175.5153,36.37,89,4,5.41
225,Axim,GH,2022-09-14 18:52:08,4.8699,-2.2405,75.11,88,17,7.14
226,Basco,PH,2022-09-14 18:52:09,20.4487,121.9702,82.51,78,15,21.77
227,Nouadhibou,MR,2022-09-14 18:52:09,20.931,-17.0347,75.18,78,100,17.27
228,Domoni,KM,2022-09-14 18:52:09,-12.2569,44.5319,75.56,79,70,1.81
229,San Gabriel,US,2022-09-14 18:52:10,34.0961,-118.1058,83.43,65,75,5.75
230,Lucea,JM,2022-09-14 18:52:10,18.451,-78.1736,86.86,70,99,6.96
231,Oil City,US,2022-09-14 18:52:11,41.4339,-79.7064,75.07,63,53,3.0
232,Nakuru,KE,2022-09-14 18:52:11,-0.2833,36.0667,60.08,91,94,5.64
233,Ephrata,US,2022-09-14 18:52:12,40.1798,-76.1788,80.26,58,0,11.5
234,Soe,ID,2022-09-14 18:52:12,-9.8607,124.284,63.9,75,12,4.23
235,Tahe,CN,2022-09-14 18:52:12,52.3333,124.7333,48.99,96,100,3.22
236,Tuy Hoa,VN,2022-09-14 18:52:13,13.0833,109.3,76.75,90,100,7.76
237,Arinos,BR,2022-09-14 18:51:16,-15.9169,-46.1056,99.66,10,0,2.15
238,Kangaatsiaq,GL,2022-09-14 18:52:13,68.3065,-53.4641,42.22,89,100,14.18
239,Clarksburg,US,2022-09-14 18:52:13,39.2807,-80.3445,75.88,58,75,4.61
240,Wagar,SD,2022-09-14 18:52:14,16.1525,36.2032,93.99,35,2,4.59
241,San Andres,CO,2022-09-14 18:52:14,12.5847,-81.7006,89.62,70,40,9.22
242,Hobyo,SO,2022-09-14 18:52:14,5.3505,48.5268,76.87,89,54,25.34
243,Tibana,RO,2022-09-14 18:52:15,46.9833,27.3333,69.55,57,100,6.71
244,Watsa,CD,2022-09-14 18:52:15,3.0372,29.5355,64.8,97,79,1.63
245,Poso,ID,2022-09-14 18:52:16,-1.3959,120.7524,76.53,75,100,2.42
246,Svetlogorsk,BY,2022-09-14 18:52:16,52.6333,29.7333,50.77,95,52,5.55
247,Berlevag,NO,2022-09-14 18:52:16,70.8578,29.0864,42.75,65,0,6.91
248,Pevek,RU,2022-09-14 18:52:17,69.7008,170.3133,33.57,96,100,9.08
249,Norman Wells,CA,2022-09-14 18:44:20,65.282,-126.8329,48.24,81,75,5.75
250,Krasnoarmeysk,RU,2022-09-14 18:52:17,51.0239,45.6969,55.53,87,100,4.99
251,Mahebourg,MU,2022-09-14 18:46:56,-20.4081,57.7,71.89,68,40,8.05
252,Katsuura,JP,2022-09-14 18:49:31,35.1333,140.3,71.64,78,99,14.23
253,Hodmezovasarhely,HU,2022-09-14 18:52:18,46.4167,20.3333,72.18,57,44,10.29
254,Nikolskoye,RU,2022-09-14 18:48:20,59.7035,30.7861,51.69,89,100,7.56
255,Muros,ES,2022-09-14 18:52:18,42.7762,-9.0603,69.1,88,87,13.49
256,Sevierville,US,2022-09-14 18:47:48,35.8681,-83.5618,78.76,58,75,8.05
257,Killybegs,IE,2022-09-14 18:52:19,54.6333,-8.45,56.91,81,100,10.78
258,Broken Hill,AU,2022-09-14 18:52:19,-31.95,141.4333,53.28,85,20,13.91
259,Navalgund,IN,2022-09-14 18:52:19,15.5667,75.3667,70.99,92,89,13.69
260,Hasaki,JP,2022-09-14 18:52:20,35.7333,140.8333,72.28,71,100,12.97
261,Chany,RU,2022-09-14 18:52:20,55.3121,76.7647,45.27,65,84,4.41
262,Kindu,CD,2022-09-14 18:52:20,-2.95,25.95,72.75,92,98,0.81
263,Livingstone,ZM,2022-09-14 18:52:21,-17.8419,25.8543,68.7,32,1,4.36
264,Faya,SA,2022-09-14 18:52:21,18.3851,42.4509,71.71,47,57,3.22
265,Bondowoso,ID,2022-09-14 18:52:22,-7.9135,113.8214,72.32,89,73,4.29
266,Coquimbo,CL,2022-09-14 18:43:16,-29.9533,-71.3436,64.13,59,0,13.8
267,Gigmoto,PH,2022-09-14 18:50:52,13.7796,124.39,79.9,86,71,6.53
268,Chino Valley,US,2022-09-14 18:50:35,34.7575,-112.4538,77.11,48,0,10.36
269,Port Blair,IN,2022-09-14 18:52:22,11.6667,92.75,82.44,83,75,2.3
270,Antofagasta,CL,2022-09-14 18:52:23,-23.65,-70.4,58.28,61,13,9.69
271,Broome,US,2022-09-14 18:52:23,42.2506,-75.833,77.02,67,75,9.22
272,La Ronge,CA,2022-09-14 18:49:26,55.1001,-105.2842,59.22,67,75,12.66
273,Nemuro,JP,2022-09-14 18:52:24,43.3236,145.575,54.05,75,0,7.74
274,Hamilton,US,2022-09-14 18:52:24,39.1834,-84.5333,81.64,61,75,3.44
275,Baykit,RU,2022-09-14 18:52:24,61.67,96.37,38.71,97,99,2.33
276,Rio Gallegos,AR,2022-09-14 18:52:25,-51.6226,-69.2181,50.05,43,75,16.11
277,Khatanga,RU,2022-09-14 18:47:02,71.9667,102.5,33.87,98,100,11.12
278,Imbituba,BR,2022-09-14 18:51:10,-28.24,-48.6703,69.85,72,100,11.7
279,Kashi,CN,2022-09-14 18:52:25,39.4547,75.9797,72.61,37,23,4.47
280,Salalah,OM,2022-09-14 18:52:26,17.0151,54.0924,78.76,86,90,5.95
281,Leh,IN,2022-09-14 18:52:26,34.1667,77.5833,56.35,47,92,3.11
282,Zhigansk,RU,2022-09-14 18:45:44,66.7697,123.3711,35.96,95,100,9.22
283,Sechura,PE,2022-09-14 18:52:27,-5.5569,-80.8222,76.8,54,88,14.94
284,Sosnovo-Ozerskoye,RU,2022-09-14 18:52:27,52.5249,111.5418,41.83,95,100,11.97
285,Mikhaylovka,RU,2022-09-14 18:52:27,50.06,43.2379,55.78,83,50,10.8
286,Saint-Pierre,RE,2022-09-14 18:49:33,-21.3393,55.4781,71.28,64,0,11.5
287,Banyo,CM,2022-09-14 18:52:28,6.75,11.8167,66.52,96,99,1.57
288,Molfetta,IT,2022-09-14 18:52:28,41.2002,16.5975,80.74,54,0,8.05
289,Artyom,AZ,2022-09-14 18:52:28,40.4723,50.333,69.94,79,0,30.76
290,Carutapera,BR,2022-09-14 18:52:29,-1.195,-46.02,84.16,68,49,10.36
291,Khokhlovo,RU,2022-09-14 18:52:29,59.1492,37.3998,50.02,97,100,6.44
292,Kahta,TR,2022-09-14 18:52:29,37.7855,38.6237,74.57,20,0,6.02
293,La Paz,BO,2022-09-14 18:51:32,-16.5,-68.15,64.38,31,75,11.5
294,Ourem,PT,2022-09-14 18:52:30,39.6417,-8.5919,68.92,84,66,4.38
295,Rodez,FR,2022-09-14 18:52:30,44.5,2.5833,73.71,73,11,6.91
296,Belmonte,BR,2022-09-14 18:52:31,-15.8631,-38.8828,77.41,68,0,11.65
297,Zyryanka,RU,2022-09-14 18:49:35,65.75,150.85,34.11,77,99,4.63
298,Simeykyne,UA,2022-09-14 18:52:31,48.3264,39.5337,57.81,59,100,7.29
299,Lorengau,PG,2022-09-14 18:52:31,-2.0226,147.2712,81.73,74,8,10.58
300,Namibe,AO,2022-09-14 18:45:41,-15.1961,12.1522,70.43,83,0,9.22
301,Klaksvik,FO,2022-09-14 18:44:25,62.2266,-6.589,49.12,83,97,19.91
302,Okhotsk,RU,2022-09-14 18:52:32,59.3833,143.3,41.81,88,100,14.92
303,Leningradskiy,RU,2022-09-14 18:44:27,69.3833,178.4167,35.29,99,100,3.85
304,Palu,ID,2022-09-14 18:52:32,-0.8917,119.8707,74.1,96,100,2.08
305,Taoudenni,ML,2022-09-14 18:52:33,22.6783,-3.9836,102.88,6,0,9.08
306,Zonguldak,TR,2022-09-14 18:52:33,41.25,31.8333,53.56,85,0,4.36
307,Walvis Bay,NA,2022-09-14 18:52:33,-22.9575,14.5053,58.15,88,53,4.61
308,Marfino,RU,2022-09-14 18:52:34,55.7028,37.3822,54.09,85,100,8.95
309,Narsaq,GL,2022-09-14 18:45:07,60.9167,-46.05,53.82,59,75,3.11
310,Vila Velha,BR,2022-09-14 18:52:34,-20.3297,-40.2925,84.15,73,0,10.0
311,Atambua,ID,2022-09-14 18:46:51,-9.1061,124.8925,71.28,82,45,4.61
312,Port Elizabeth,ZA,2022-09-14 18:48:12,-33.918,25.5701,63.32,83,0,4.61
313,Biltine,TD,2022-09-14 18:52:35,14.5333,20.9167,90.14,37,37,4.7
314,Daru,PG,2022-09-14 18:52:35,-9.0763,143.2092,78.13,87,80,15.39
315,Te Anau,NZ,2022-09-14 18:47:03,-45.4167,167.7167,35.06,90,45,2.66
316,San Policarpo,PH,2022-09-14 18:52:35,12.1791,125.5072,78.69,87,100,7.47
317,Gunjur,GM,2022-09-14 18:46:50,13.2019,-16.7339,84.27,84,40,3.44
318,Tuatapere,NZ,2022-09-14 18:52:36,-46.1333,167.6833,36.01,90,21,5.79
319,Amuntai,ID,2022-09-14 18:52:36,-2.4177,115.2494,70.54,98,42,1.79
320,Sangar,RU,2022-09-14 18:52:36,63.9242,127.4739,32.77,91,20,6.53
321,Kourou,GF,2022-09-14 18:52:37,5.1552,-52.6478,89.65,65,26,10.4
322,Shihezi,CN,2022-09-14 18:52:37,44.3,86.0333,60.48,44,1,10.36
323,Ucluelet,CA,2022-09-14 18:52:37,48.9329,-125.5528,58.08,88,0,1.01
324,Bambous Virieux,MU,2022-09-14 18:48:13,-20.3428,57.7575,71.85,68,40,8.05
325,Taraz,KZ,2022-09-14 18:52:38,42.9,71.3667,61.21,39,0,13.42
326,Port Hardy,CA,2022-09-14 18:52:38,50.6996,-127.4199,50.18,100,100,3.44
327,Khambhat,IN,2022-09-14 18:52:38,22.3,72.6167,81.73,84,100,10.71
328,Tocantins,BR,2022-09-14 18:52:39,-10.5,-48.0,93.49,13,10,3.2
329,Karratha,AU,2022-09-14 18:52:39,-20.7377,116.8463,71.31,34,32,14.52
330,Erdenet,MN,2022-09-14 18:52:40,49.0333,104.0833,41.18,92,91,2.64
331,Batsfjord,NO,2022-09-14 18:52:40,70.6345,29.7185,42.73,81,0,4.61
332,Noumea,NC,2022-09-14 18:47:54,-22.2763,166.4572,64.38,75,52,6.22
333,Price,US,2022-09-14 18:52:40,39.5994,-110.8107,63.66,67,100,4.61
334,Phrae,TH,2022-09-14 18:52:41,18.0833,100.0,69.91,98,100,0.96
335,Joshimath,IN,2022-09-14 18:52:41,30.5667,79.5667,68.11,91,100,0.76
336,Sur,OM,2022-09-14 18:48:54,22.5667,59.5289,87.17,60,4,14.29
337,Aklavik,CA,2022-09-14 18:47:04,68.2191,-135.0107,39.2,87,100,9.22
338,Avera,US,2022-09-14 18:52:42,33.194,-82.5271,85.55,36,0,5.14
339,Fiumicino,IT,2022-09-14 18:52:42,41.7675,12.2291,80.71,73,0,9.22
340,Sao Joao Da Barra,BR,2022-09-14 18:52:42,-21.6403,-41.0511,80.69,70,3,22.5
341,Lompoc,US,2022-09-14 18:48:23,34.6391,-120.4579,76.84,64,0,11.5
342,Hofn,IS,2022-09-14 18:52:43,64.2539,-15.2082,48.22,81,75,3.44
343,Centralia,US,2022-09-14 18:48:47,46.7162,-122.9543,65.44,81,94,2.53
344,Moerai,PF,2022-09-14 18:52:43,-22.4333,-151.3333,71.33,60,2,21.92
345,Ornes,NO,2022-09-14 18:52:44,66.8689,13.7078,53.01,77,99,7.9
346,Chumikan,RU,2022-09-14 18:52:44,54.7183,135.315,45.52,70,16,8.32
347,Sisimiut,GL,2022-09-14 18:52:44,66.9395,-53.6735,43.39,96,100,5.88
348,Alofi,NU,2022-09-14 18:52:44,-19.0595,-169.9187,71.49,94,44,4.61
349,Nome,US,2022-09-14 18:52:45,64.5011,-165.4064,48.27,88,75,5.75
350,Iralaya,HN,2022-09-14 18:52:45,15.0,-83.2333,83.68,76,24,10.0
351,Poum,NC,2022-09-14 18:51:31,-20.2333,164.0167,73.69,76,14,16.87
352,Parrita,CR,2022-09-14 18:52:46,9.5201,-84.3225,82.11,75,100,7.02
353,Touros,BR,2022-09-14 18:50:52,-5.1989,-35.4608,80.87,66,36,15.57
354,Benoy,TD,2022-09-14 18:52:46,8.9833,16.3199,74.26,90,53,2.91
355,North Bend,US,2022-09-14 18:48:20,43.4065,-124.2243,72.25,93,100,4.61
356,Praia Da Vitoria,PT,2022-09-14 18:52:47,38.7333,-27.0667,82.65,74,40,10.4
357,Rio Branco,BR,2022-09-14 18:52:47,-9.9747,-67.81,97.41,41,40,8.05
358,Nova Russas,BR,2022-09-14 18:52:47,-4.7067,-40.5631,99.37,20,55,6.24
359,Russell,US,2022-09-14 18:52:48,32.3502,-85.1999,86.38,45,20,6.91
360,Bani,DO,2022-09-14 18:52:48,18.2833,-70.3333,90.84,51,84,12.77
361,Verkhnevilyuysk,RU,2022-09-14 18:52:48,63.4453,120.3167,41.76,88,94,7.94
362,Guiren,CN,2022-09-14 18:52:49,33.6697,118.1889,68.14,94,100,14.07
363,Vestmannaeyjar,IS,2022-09-14 18:52:49,63.4427,-20.2734,50.99,71,0,13.8
364,Amlame,TG,2022-09-14 18:52:50,7.4667,0.9,73.98,91,32,1.63
365,Montevideo,UY,2022-09-14 18:49:02,-34.8335,-56.1674,62.62,71,20,9.22
366,Marsa Matruh,EG,2022-09-14 18:52:50,31.3525,27.2453,79.0,61,0,5.75
367,Lexington,US,2022-09-14 18:50:28,37.9887,-84.4777,78.8,56,75,5.75
368,Nekhayevskiy,RU,2022-09-14 18:52:50,50.4106,41.7561,52.12,89,100,10.45
369,Changji,CN,2022-09-14 18:52:51,44.0167,87.3167,61.59,59,0,6.71
370,Megion,RU,2022-09-14 18:52:51,61.0296,76.1136,48.02,90,92,7.81
371,Laguna,US,2022-09-14 18:49:29,38.421,-121.4238,75.78,52,0,9.22
372,College,US,2022-09-14 18:52:51,64.8569,-147.8028,50.58,93,100,9.22
373,Samarai,PG,2022-09-14 18:51:26,-10.6167,150.6667,79.36,82,68,15.48
374,Aranos,NA,2022-09-14 18:52:52,-24.1333,19.1167,75.43,15,96,13.27
375,Bolshoy Lug,RU,2022-09-14 18:52:52,52.0779,104.0919,39.38,94,100,1.83
376,Innisfail,AU,2022-09-14 18:52:53,-17.5333,146.0333,69.13,83,92,3.33
377,Grand Gaube,MU,2022-09-14 18:52:53,-20.0064,57.6608,72.0,72,33,3.0
378,Jabinyanah,TN,2022-09-14 18:52:53,35.035,10.9081,85.8,69,0,13.56
379,Weyburn,CA,2022-09-14 18:45:47,49.6668,-103.8511,59.22,58,100,16.11
380,San Patricio,US,2022-09-14 18:52:54,28.017,-97.5169,90.07,45,52,9.42
381,Chaihe,CN,2022-09-14 18:52:54,44.7667,129.7,55.99,80,100,1.19
382,Kismayo,SO,2022-09-14 18:52:54,-0.3582,42.5454,76.12,84,100,16.33
383,Mbanza-Ngungu,CD,2022-09-14 18:52:55,-5.25,14.8667,82.35,45,96,3.98
384,Corinto,GR,2022-09-14 18:48:20,37.9407,22.9573,73.89,51,0,2.71
385,Loandjili,CG,2022-09-14 18:52:55,-4.7561,11.8578,75.0,82,100,9.28
386,Manavalakurichi,IN,2022-09-14 18:52:56,8.1333,77.3,77.38,88,100,9.24
387,Sergeyevka,KZ,2022-09-14 18:52:56,53.88,67.4158,49.82,50,25,4.45
388,Marystown,CA,2022-09-14 18:52:56,47.1666,-55.1483,63.81,69,35,7.07
389,Thinadhoo,MV,2022-09-14 18:48:14,0.5333,72.9333,81.97,70,97,5.55
390,Methven,NZ,2022-09-14 18:50:09,-43.6333,171.65,39.02,64,0,5.99
391,Magalia,US,2022-09-14 18:52:57,39.8121,-121.5783,68.11,55,30,3.0
392,Shingu,JP,2022-09-14 18:52:57,33.7333,135.9833,77.38,90,97,12.95
393,Rawson,AR,2022-09-14 18:48:14,-43.3002,-65.1023,73.92,28,93,15.48
394,Wenling,CN,2022-09-14 18:50:48,28.3669,121.36,75.24,83,41,4.65
395,Bousso,TD,2022-09-14 18:52:58,10.4795,16.7117,77.43,76,39,3.71
396,Saldanha,ZA,2022-09-14 18:46:58,-33.0117,17.9442,60.85,91,23,15.28
397,Vao,NC,2022-09-14 18:49:34,-22.6667,167.4833,68.79,68,22,15.73
398,Longyearbyen,SJ,2022-09-14 18:45:46,78.2186,15.6401,31.84,86,75,1.14
399,Praya,CV,2022-09-14 18:52:58,14.9215,-23.5087,82.94,83,75,9.22
400,Salto,UY,2022-09-14 18:52:58,-31.3833,-57.9667,69.96,53,20,9.22
401,Omboue,GA,2022-09-14 18:52:59,-1.5746,9.2618,75.85,83,11,8.57
402,North Branch,US,2022-09-14 18:50:30,45.5113,-92.9802,78.08,28,91,11.12
403,Kravare,CZ,2022-09-14 18:52:59,49.932,18.0047,61.09,96,100,4.0
404,Hambantota,LK,2022-09-14 18:46:52,6.1241,81.1185,77.34,100,20,6.91
405,Saint-Francois,FR,2022-09-14 18:51:06,46.4154,3.9054,67.44,73,75,5.75
406,Sinop,TR,2022-09-14 18:49:51,41.7711,34.8709,56.52,88,99,4.72
407,Meadow Lake,US,2022-09-14 18:53:00,34.8014,-106.5436,77.31,49,5,8.19
408,Baruun-Urt,MN,2022-09-14 18:46:55,46.6806,113.2792,57.78,54,34,8.3
409,Olinda,BR,2022-09-14 18:48:30,-8.0089,-34.8553,80.33,74,75,10.36
410,Alyangula,AU,2022-09-14 18:53:00,-13.8483,136.4192,67.87,94,75,0.0
411,Dudinka,RU,2022-09-14 18:53:01,69.4058,86.1778,36.63,98,100,10.31
412,Grootfontein,NA,2022-09-14 18:53:01,-19.5667,18.1167,72.97,21,20,2.3
413,Santiago De Cao,PE,2022-09-14 18:53:01,-7.9589,-79.2392,62.73,82,75,12.66
414,Bardiyah,LY,2022-09-14 18:53:02,31.7561,25.0865,76.86,61,0,8.9
415,Borba,BR,2022-09-14 18:52:17,-4.3878,-59.5939,99.81,26,99,4.65
416,Margate,GB,2022-09-14 18:53:03,51.3813,1.3862,62.31,85,33,3.24
417,Tenneville,BE,2022-09-14 18:53:03,50.095,5.5289,63.19,97,69,5.64
418,Abu Zabad,SD,2022-09-14 18:50:49,12.35,29.25,77.99,73,12,7.76
419,Churapcha,RU,2022-09-14 18:53:03,62.0025,132.4325,37.13,74,7,17.05
420,Grinnell,US,2022-09-14 18:53:04,41.743,-92.7224,87.24,45,0,4.61
421,Lagos,NG,2022-09-14 18:49:28,6.5833,3.75,80.92,89,100,5.53
422,Krasnoselkup,RU,2022-09-14 18:53:04,65.7,82.4667,44.04,95,100,8.5
423,Marrakesh,MA,2022-09-14 18:52:18,31.6315,-8.0083,82.47,39,40,9.22
424,Gwadar,PK,2022-09-14 18:53:05,25.1216,62.3254,81.63,86,19,8.23
425,Pacific Grove,US,2022-09-14 18:43:28,36.6177,-121.9166,73.08,68,0,7.0
426,Claremore,US,2022-09-14 18:52:19,36.3126,-95.6161,89.11,34,0,6.91
427,Traverse City,US,2022-09-14 18:49:07,44.7631,-85.6206,68.83,60,40,9.22
428,Evensk,RU,2022-09-14 18:53:06,61.95,159.2333,38.79,66,8,6.15
429,Praia,CV,2022-09-14 18:46:49,14.9215,-23.5087,82.94,83,75,9.22
430,Redmond,US,2022-09-14 18:48:36,47.674,-122.1215,71.1,68,61,1.99
431,Idrinskoye,RU,2022-09-14 18:53:08,54.3708,92.1358,44.11,94,100,2.26
432,Simao,CN,2022-09-14 18:53:08,22.7886,100.9748,62.87,98,14,2.04
433,Kodinsk,RU,2022-09-14 18:53:08,58.6881,99.1844,44.28,61,100,1.25
434,La Rioja,ES,2022-09-14 18:53:09,42.25,-2.5,65.98,57,100,2.84
435,Dzerzhinskoye,RU,2022-09-14 18:53:09,56.8344,95.2283,44.31,68,100,2.73
436,Banjar,ID,2022-09-14 18:53:10,-8.19,114.9675,76.5,88,100,5.21
437,Guerrero Negro,MX,2022-09-14 18:53:10,27.9769,-114.0611,79.43,60,0,11.83
438,Hami,CN,2022-09-14 18:46:57,42.8,93.45,70.9,22,0,5.3
439,Mount Isa,AU,2022-09-14 18:53:10,-20.7333,139.5,73.83,27,0,7.14
440,Pangoa,PE,2022-09-14 18:53:11,-12.1167,-73.0,79.74,74,84,0.56
441,Hays,US,2022-09-14 18:53:11,30.0502,-98.0336,90.59,51,6,8.08
442,Podor,MR,2022-09-14 18:53:12,16.6527,-14.9587,89.55,66,0,2.3
443,Toamasina,MG,2022-09-14 18:53:12,-18.1667,49.3833,69.8,73,40,3.44
444,Bubaque,GW,2022-09-14 18:53:13,11.2833,-15.8333,80.44,79,100,12.66
445,Luanda,AO,2022-09-14 18:49:20,-8.8368,13.2343,72.18,88,36,13.02
446,Kerouane,GN,2022-09-14 18:53:13,9.2667,-9.0167,73.08,96,100,3.2
447,Namatanai,PG,2022-09-14 18:53:13,-3.6667,152.4333,78.08,81,92,7.67
448,Padang,ID,2022-09-14 18:50:51,-0.9492,100.3543,73.45,84,100,2.86
449,Taybad,IR,2022-09-14 18:53:14,34.74,60.7756,75.4,14,0,5.86
450,Meulaboh,ID,2022-09-14 18:49:37,4.1363,96.1285,76.39,87,100,3.8
451,Ormara,PK,2022-09-14 18:53:14,25.2088,64.6357,80.62,89,0,12.93
452,Ancud,CL,2022-09-14 18:49:29,-41.8697,-73.8203,53.22,86,100,24.34
453,Ternate,ID,2022-09-14 18:53:15,0.8,127.4,79.39,81,60,3.02
454,Rocha,UY,2022-09-14 18:53:15,-34.4833,-54.3333,58.8,65,0,8.48
455,Batagay-Alyta,RU,2022-09-14 18:53:15,67.8006,130.4114,27.14,93,89,3.18
456,Novyy Urgal,RU,2022-09-14 18:53:16,51.0736,132.5642,46.85,93,75,0.29
457,Los Llanos De Aridane,ES,2022-09-14 18:53:16,28.6585,-17.9182,73.15,91,75,17.27
458,Okato,NZ,2022-09-14 18:53:16,-39.2,173.8833,42.17,88,24,4.0
459,Nur,PL,2022-09-14 18:53:17,52.6683,22.3221,55.94,72,100,4.09
460,Lalibela,ET,2022-09-14 18:53:17,12.0333,39.0333,59.25,76,82,4.94
461,Senno,RU,2022-09-14 18:53:17,59.5336,33.9167,49.26,94,100,6.98
462,Massakory,TD,2022-09-14 18:53:18,12.996,15.7293,88.27,52,99,4.27
463,Linjiang,CN,2022-09-14 18:53:19,41.8069,126.9078,61.66,88,100,1.48
464,Gobabis,NA,2022-09-14 18:53:19,-22.45,18.9667,69.91,20,23,13.27
465,Pavlodar,KZ,2022-09-14 18:53:19,52.3,76.95,39.0,81,0,0.0
466,Urumqi,CN,2022-09-14 18:53:20,43.801,87.6005,58.15,59,0,6.71
467,Paracuru,BR,2022-09-14 18:53:20,-3.41,-39.0306,80.11,70,10,16.24
468,Umm Lajj,SA,2022-09-14 18:45:33,25.0213,37.2685,86.79,49,0,8.41
469,Morondava,MG,2022-09-14 18:51:03,-20.2833,44.2833,72.36,83,33,6.4
470,Loveland,US,2022-09-14 18:53:21,40.3978,-105.075,81.99,35,0,8.05
471,Paidha,UG,2022-09-14 18:53:21,2.4167,30.9855,60.87,94,99,4.38
472,Tiznit,MA,2022-09-14 18:53:21,29.5833,-9.5,66.74,72,0,9.37
473,Kijang,KR,2022-09-14 18:53:17,35.2442,129.2139,76.73,77,94,17.96
474,Cururupu,BR,2022-09-14 18:45:46,-1.8283,-44.8683,86.02,60,80,7.0
475,Kieta,PG,2022-09-14 18:53:22,-6.2167,155.6333,76.84,87,72,4.99
476,Excelsior Springs,US,2022-09-14 18:53:22,39.3392,-94.2261,89.49,34,0,9.22
477,Srednekolymsk,RU,2022-09-14 18:53:23,67.45,153.6833,34.38,72,100,8.01
478,Cervo,ES,2022-09-14 18:53:23,43.6702,-7.4101,67.96,85,100,2.04
479,Egvekinot,RU,2022-09-14 18:49:32,66.3167,-179.1667,35.04,97,100,7.92
480,Sol-Iletsk,RU,2022-09-14 18:53:23,51.1631,54.9918,65.07,27,100,18.14
481,Nawa,IN,2022-09-14 18:53:24,27.0167,75.0,77.59,87,100,6.67
482,Monaragala,LK,2022-09-14 18:53:24,6.8714,81.3487,75.92,84,80,4.52
483,Ichinohe,JP,2022-09-14 18:53:25,40.2069,141.3017,53.24,95,37,4.12
484,Mersing,MY,2022-09-14 18:53:25,2.4312,103.8405,75.11,88,40,5.75
485,Pangody,RU,2022-09-14 18:53:25,65.85,74.4859,44.89,82,99,9.31
486,Waingapu,ID,2022-09-14 18:53:26,-9.6567,120.2641,76.5,79,94,5.75
487,Kommunisticheskiy,RU,2022-09-14 18:53:26,61.6789,64.4819,45.45,91,30,4.12
488,Arman,RU,2022-09-14 18:53:26,59.7,150.1667,35.02,70,100,4.21
489,Asau,RO,2022-09-14 18:53:27,46.4333,26.4,60.28,68,100,5.75
490,Atar,MR,2022-09-14 18:48:17,20.5169,-13.0499,104.05,14,5,13.8
491,Ilulissat,GL,2022-09-14 18:44:14,69.2167,-51.1,42.82,87,75,3.44
492,Chester,US,2022-09-14 18:48:37,40.1254,-75.8749,78.22,61,0,11.5
493,Konstantinovka,RU,2022-09-14 18:53:27,49.6167,127.9833,54.03,90,100,5.21
494,Faanui,PF,2022-09-14 18:47:02,-16.4833,-151.75,77.52,74,71,21.18
495,Gerardmer,FR,2022-09-14 18:53:28,48.0735,6.8779,62.44,96,100,6.46
496,Atocha,BO,2022-09-14 18:53:28,-20.9333,-66.2333,53.49,4,0,16.91
497,Kununurra,AU,2022-09-14 18:52:36,-15.7667,128.7333,71.58,73,5,3.44
498,Ler,SS,2022-09-14 18:53:28,8.3018,30.1418,73.38,90,26,2.33
499,Salinopolis,BR,2022-09-14 18:53:29,-0.6136,-47.3561,84.04,70,12,14.9
500,Samarinda,ID,2022-09-14 18:53:29,-0.5,117.15,72.09,97,100,2.42
501,Patnagarh,IN,2022-09-14 18:53:29,20.7167,83.15,76.66,86,100,6.26
502,Santa Maria Del Oro,MX,2022-09-14 18:53:30,25.9333,-105.3667,79.0,37,24,5.3
503,Viedma,AR,2022-09-14 18:50:10,-40.8135,-62.9967,78.21,16,6,20.2
504,Kalmunai,LK,2022-09-14 18:53:30,7.4167,81.8167,78.8,79,31,9.48
505,Yining,CN,2022-09-14 18:53:30,29.0361,114.5636,67.06,87,0,1.25
506,Seeboden,AT,2022-09-14 18:53:31,46.8219,13.495,64.18,99,100,3.27
507,Anadyr,RU,2022-09-14 18:53:31,64.75,177.4833,39.7,93,100,6.71
508,Severnyy,RU,2022-09-14 18:53:31,50.677,36.5532,51.84,93,0,6.71
509,Vestmanna,FO,2022-09-14 18:53:32,62.1564,-7.1664,47.32,81,75,18.41
510,Bathsheba,BB,2022-09-14 18:53:32,13.2167,-59.5167,90.21,62,20,16.11
511,Sabang,ID,2022-09-14 18:53:32,5.8933,95.3214,81.28,78,69,9.35
512,Bezlyudivka,UA,2022-09-14 18:53:33,49.8718,36.2952,54.25,89,100,6.13
513,Lucapa,AO,2022-09-14 18:53:33,-8.4192,20.7447,70.11,80,100,2.86
514,Zhangjiakou,CN,2022-09-14 18:53:33,40.81,114.8794,60.84,75,0,2.37
515,Khani,GE,2022-09-14 18:53:34,41.9563,42.9566,53.17,93,19,3.6
516,Yanji,CN,2022-09-14 18:53:34,42.9075,129.5078,58.41,87,100,1.9
517,Uyuni,BO,2022-09-14 18:53:34,-20.4597,-66.825,49.33,8,0,14.45
518,San Vicente,AR,2022-09-14 18:53:35,-26.6167,-54.1333,70.74,36,82,5.23
519,Dingle,PH,2022-09-14 18:51:32,10.9995,122.6711,76.82,87,99,5.7
520,Alim,PH,2022-09-14 18:53:35,9.5649,122.4876,80.58,83,89,5.93
521,Balykshi,KZ,2022-09-14 18:53:35,47.0667,51.8667,68.0,45,75,11.18
522,A Coruna,ES,2022-09-14 18:52:14,43.3713,-8.396,74.12,79,40,2.3
523,Svelgen,NO,2022-09-14 18:53:36,61.7685,5.2955,51.73,86,91,11.95
524,Nuuk,GL,2022-09-14 18:53:36,64.1835,-51.7216,45.88,87,100,8.21
525,Turukhansk,RU,2022-09-14 18:53:36,65.8167,87.9833,43.79,97,100,11.16
526,Naberera,TZ,2022-09-14 18:53:37,-4.2,36.9333,62.42,67,14,12.64
527,Mahibadhoo,MV,2022-09-14 18:53:37,3.7833,72.9667,80.82,75,74,6.67
528,Partizanskoye,RU,2022-09-14 18:53:37,55.5006,94.39,43.65,79,100,4.0
529,Varjota,BR,2022-09-14 18:53:38,-4.1944,-40.4767,100.09,20,95,3.98
530,Ust-Tsilma,RU,2022-09-14 18:53:38,65.441,52.1498,44.76,88,27,5.26
531,Sompeta,IN,2022-09-14 18:53:39,18.9333,84.6,81.25,85,100,9.62
532,Eydhafushi,MV,2022-09-14 18:53:39,5.1033,73.0708,80.55,72,100,4.25
533,Kandi,BJ,2022-09-14 18:53:39,11.1342,2.9386,77.92,85,54,1.5
534,Zyryanskoye,RU,2022-09-14 18:53:40,56.8306,86.6258,42.06,76,90,4.09
535,Labuhan,ID,2022-09-14 18:53:40,-6.8844,112.2051,77.38,84,100,7.94
536,Lehi,US,2022-09-14 18:52:41,40.3916,-111.8508,71.22,65,97,10.0
537,Tlanalapan,MX,2022-09-14 18:53:40,19.25,-97.2667,51.71,84,98,6.51
538,Fort Nelson,CA,2022-09-14 18:53:41,58.8053,-122.7002,54.99,54,40,2.3
539,Savelugu,GH,2022-09-14 18:53:41,9.6244,-0.8253,77.58,86,81,4.52
540,Chicama,PE,2022-09-14 18:49:25,-7.8447,-79.1469,61.34,58,28,11.07
541,Eureka,US,2022-09-14 18:48:14,40.8021,-124.1637,72.19,81,100,3.0
542,Beringovskiy,RU,2022-09-14 18:53:42,63.05,179.3167,44.87,86,100,11.9
543,Adrar,MR,2022-09-14 18:53:42,20.5022,-10.0711,103.59,12,6,14.61
544,Vila Franca Do Campo,PT,2022-09-14 18:53:42,37.7167,-25.4333,80.2,87,24,9.86
545,Bonthe,SL,2022-09-14 18:52:43,7.5264,-12.505,74.93,95,100,10.51
546,Olafsvik,IS,2022-09-14 18:49:32,64.8945,-23.7142,46.36,67,13,5.46
547,Prince Rupert,CA,2022-09-14 18:53:43,54.3161,-130.3201,53.69,97,100,6.91
548,Bollnas,SE,2022-09-14 18:53:43,61.3482,16.3946,50.95,96,100,6.76
549,Nguruka,TZ,2022-09-14 18:53:43,-5.1092,31.0419,77.2,40,91,3.27
550,Karanganom,ID,2022-09-14 18:53:44,-7.6489,110.625,73.33,89,83,4.32
551,Rivadavia,AR,2022-09-14 18:53:44,-33.1905,-68.4608,76.03,11,0,21.05
552,Ouegoa,NC,2022-09-14 18:53:45,-20.35,164.4333,69.98,85,9,5.95
553,Gulariya,NP,2022-09-14 18:53:45,28.2333,81.3333,76.62,87,95,5.95
554,Hay River,CA,2022-09-14 18:53:45,60.8156,-115.7999,62.56,44,75,5.75
555,Acapulco,MX,2022-09-14 18:53:15,16.8634,-99.8901,83.28,76,99,5.99
556,Flin Flon,CA,2022-09-14 18:53:46,54.7682,-101.865,57.04,54,100,11.5
557,Ibirama,BR,2022-09-14 18:53:46,-27.0569,-49.5178,66.31,88,100,2.64
558,Lagoa,PT,2022-09-14 18:48:19,39.05,-27.9833,74.21,85,83,19.42
559,Airai,TL,2022-09-14 18:44:17,-8.9266,125.4092,59.97,55,98,2.48
560,Sakaiminato,JP,2022-09-14 18:53:47,35.55,133.2333,75.18,94,40,11.5
561,Hitoyoshi,JP,2022-09-14 18:53:47,32.2167,130.75,72.7,97,23,3.87
562,Lukiv,UA,2022-09-14 18:53:47,51.0521,25.4006,62.19,88,100,7.23
563,Lososina,RU,2022-09-14 18:53:47,48.9975,140.3106,53.04,68,10,6.11
564,Byron Bay,AU,2022-09-14 18:50:14,-28.65,153.6167,55.94,84,100,2.08
565,Shelburne,CA,2022-09-14 18:47:00,44.0787,-80.2041,66.99,66,49,13.29
566,Piqua,US,2022-09-14 18:53:48,40.1448,-84.2424,79.38,54,48,5.44
567,Bouna,CI,2022-09-14 18:53:48,9.2667,-3.0,76.3,84,91,2.17
